
-- Add missing semesters for 3rd and 4th year
INSERT INTO public.semesters (id, year_id, name) VALUES 
  ('660e8400-e29b-41d4-a716-446655440005', '550e8400-e29b-41d4-a716-446655440003', 'Semester 5'),
  ('660e8400-e29b-41d4-a716-446655440006', '550e8400-e29b-41d4-a716-446655440003', 'Semester 6'),
  ('660e8400-e29b-41d4-a716-446655440007', '550e8400-e29b-41d4-a716-446655440004', 'Semester 7'),
  ('660e8400-e29b-41d4-a716-446655440008', '550e8400-e29b-41d4-a716-446655440004', 'Semester 8');

-- Add sections for 3rd and 4th year semesters
INSERT INTO public.sections (id, semester_id, name) VALUES 
  ('770e8400-e29b-41d4-a716-446655440005', '660e8400-e29b-41d4-a716-446655440005', 'Section A'),
  ('770e8400-e29b-41d4-a716-446655440006', '660e8400-e29b-41d4-a716-446655440005', 'Section B'),
  ('770e8400-e29b-41d4-a716-446655440007', '660e8400-e29b-41d4-a716-446655440006', 'Section A'),
  ('770e8400-e29b-41d4-a716-446655440008', '660e8400-e29b-41d4-a716-446655440006', 'Section B'),
  ('770e8400-e29b-41d4-a716-446655440009', '660e8400-e29b-41d4-a716-446655440007', 'Section A'),
  ('770e8400-e29b-41d4-a716-446655440010', '660e8400-e29b-41d4-a716-446655440007', 'Section B'),
  ('770e8400-e29b-41d4-a716-446655440011', '660e8400-e29b-41d4-a716-446655440008', 'Section A'),
  ('770e8400-e29b-41d4-a716-446655440012', '660e8400-e29b-41d4-a716-446655440008', 'Section B');

-- Add subjects for 3rd and 4th year sections
INSERT INTO public.subjects (id, section_id, name) VALUES 
  ('880e8400-e29b-41d4-a716-446655440006', '770e8400-e29b-41d4-a716-446655440005', 'Advanced Mathematics'),
  ('880e8400-e29b-41d4-a716-446655440007', '770e8400-e29b-41d4-a716-446655440005', 'Data Structures'),
  ('880e8400-e29b-41d4-a716-446655440008', '770e8400-e29b-41d4-a716-446655440006', 'Software Engineering'),
  ('880e8400-e29b-41d4-a716-446655440009', '770e8400-e29b-41d4-a716-446655440007', 'Machine Learning'),
  ('880e8400-e29b-41d4-a716-446655440010', '770e8400-e29b-41d4-a716-446655440008', 'Database Systems'),
  ('880e8400-e29b-41d4-a716-446655440011', '770e8400-e29b-41d4-a716-446655440009', 'Project Management'),
  ('880e8400-e29b-41d4-a716-446655440012', '770e8400-e29b-41d4-a716-446655440010', 'Capstone Project'),
  ('880e8400-e29b-41d4-a716-446655440013', '770e8400-e29b-41d4-a716-446655440011', 'Thesis'),
  ('880e8400-e29b-41d4-a716-446655440014', '770e8400-e29b-41d4-a716-446655440012', 'Research Methods');

-- Add faculty assignments for 3rd and 4th year subjects
INSERT INTO public.faculty_assignments (id, faculty_id, subject_id, section_id) VALUES 
  ('aa0e8400-e29b-41d4-a716-446655440006', '990e8400-e29b-41d4-a716-446655440001', '880e8400-e29b-41d4-a716-446655440006', '770e8400-e29b-41d4-a716-446655440005'),
  ('aa0e8400-e29b-41d4-a716-446655440007', '990e8400-e29b-41d4-a716-446655440005', '880e8400-e29b-41d4-a716-446655440007', '770e8400-e29b-41d4-a716-446655440005'),
  ('aa0e8400-e29b-41d4-a716-446655440008', '990e8400-e29b-41d4-a716-446655440005', '880e8400-e29b-41d4-a716-446655440008', '770e8400-e29b-41d4-a716-446655440006'),
  ('aa0e8400-e29b-41d4-a716-446655440009', '990e8400-e29b-41d4-a716-446655440005', '880e8400-e29b-41d4-a716-446655440009', '770e8400-e29b-41d4-a716-446655440007'),
  ('aa0e8400-e29b-41d4-a716-446655440010', '990e8400-e29b-41d4-a716-446655440005', '880e8400-e29b-41d4-a716-446655440010', '770e8400-e29b-41d4-a716-446655440008'),
  ('aa0e8400-e29b-41d4-a716-446655440011', '990e8400-e29b-41d4-a716-446655440004', '880e8400-e29b-41d4-a716-446655440011', '770e8400-e29b-41d4-a716-446655440009'),
  ('aa0e8400-e29b-41d4-a716-446655440012', '990e8400-e29b-41d4-a716-446655440005', '880e8400-e29b-41d4-a716-446655440012', '770e8400-e29b-41d4-a716-446655440010'),
  ('aa0e8400-e29b-41d4-a716-446655440013', '990e8400-e29b-41d4-a716-446655440001', '880e8400-e29b-41d4-a716-446655440013', '770e8400-e29b-41d4-a716-446655440011'),
  ('aa0e8400-e29b-41d4-a716-446655440014', '990e8400-e29b-41d4-a716-446655440002', '880e8400-e29b-41d4-a716-446655440014', '770e8400-e29b-41d4-a716-446655440012');
